İstanbul	İstanbul|Istanbul|Constantinople		TR	41.0082	28.9784	Europe/Istanbul	0
Ankara	Ankara		TR	39.9334	32.8597	Europe/Istanbul	0
İzmir	İzmir|Izmir|Smyrna		TR	38.4237	27.1428	Europe/Istanbul	0
Bursa	Bursa		TR	40.1885	29.0610	Europe/Istanbul	0
Antalya	Antalya		TR	36.8969	30.7133	Europe/Istanbul	0
Adana	Adana		TR	37.0000	35.3213	Europe/Istanbul	0
Konya	Konya		TR	37.8746	32.4932	Europe/Istanbul	0
Gaziantep	Gaziantep|Antep		TR	37.0662	37.3833	Europe/Istanbul	0
Şanlıurfa	Şanlıurfa|Urfa		TR	37.1591	38.7969	Europe/Istanbul	0
Kayseri	Kayseri		TR	38.7312	35.4787	Europe/Istanbul	0
Mersin	Mersin		TR	36.8121	34.6415	Europe/Istanbul	0
Diyarbakır	Diyarbakır		TR	37.9144	40.2306	Europe/Istanbul	0
Eskişehir	Eskişehir		TR	39.7767	30.5206	Europe/Istanbul	0
Samsun	Samsun		TR	41.2928	36.3313	Europe/Istanbul	0
Trabzon	Trabzon		TR	41.0027	39.7168	Europe/Istanbul	0
Erzurum	Erzurum		TR	39.9055	41.2658	Europe/Istanbul	0
Malatya	Malatya		TR	38.3552	38.3095	Europe/Istanbul	0
Van	Van		TR	38.5012	43.3730	Europe/Istanbul	0
Denizli	Denizli		TR	37.7765	29.0864	Europe/Istanbul	0
Sakarya	Sakarya|Adapazarı		TR	40.7569	30.3781	Europe/Istanbul	0
İzmit	İzmit|Kocaeli		TR	40.7654	29.9408	Europe/Istanbul	0
Manisa	Manisa		TR	38.6191	27.4289	Europe/Istanbul	0
Balıkesir	Balıkesir		TR	39.6484	27.8826	Europe/Istanbul	0
Kahramanmaraş	Kahramanmaraş|Maraş		TR	37.5858	36.9371	Europe/Istanbul	0
Antakya	Antakya|Hatay		TR	36.2021	36.1606	Europe/Istanbul	0
Tekirdağ	Tekirdağ		TR	40.9780	27.5110	Europe/Istanbul	0
Muğla	Muğla		TR	37.2153	28.3636	Europe/Istanbul	0
Aydın	Aydın		TR	37.8560	27.8416	Europe/Istanbul	0
Sivas	Sivas		TR	39.7477	37.0179	Europe/Istanbul	0
Elazığ	Elazığ		TR	38.6810	39.2264	Europe/Istanbul	0
Batman	Batman		TR	37.8812	41.1351	Europe/Istanbul	0
Rize	Rize		TR	41.0201	40.5234	Europe/Istanbul	0
Ordu	Ordu		TR	40.9839	37.8764	Europe/Istanbul	0
Edirne	Edirne		TR	41.6818	26.5623	Europe/Istanbul	0
Çanakkale	Çanakkale		TR	40.1553	26.4142	Europe/Istanbul	0
Bolu	Bolu		TR	40.7350	31.6061	Europe/Istanbul	0
Afyonkarahisar	Afyonkarahisar|Afyon		TR	38.7507	30.5567	Europe/Istanbul	0
Isparta	Isparta		TR	37.7648	30.5566	Europe/Istanbul	0
Mardin	Mardin		TR	37.3212	40.7245	Europe/Istanbul	0
Kütahya	Kütahya		TR	39.4242	29.9833	Europe/Istanbul	0
Zonguldak	Zonguldak		TR	41.4564	31.7987	Europe/Istanbul	0
Alanya	Alanya		TR	36.5438	31.9998	Europe/Istanbul	0
Bodrum	Bodrum		TR	37.0344	27.4305	Europe/Istanbul	0
Rotterdam	Rotterdam		NL	51.9244	4.4777	Europe/Amsterdam	0
Amsterdam	Amsterdam		NL	52.3676	4.9041	Europe/Amsterdam	0
Den Haag	Den Haag|The Hague|'s-Gravenhage		NL	52.0705	4.3007	Europe/Amsterdam	0
Utrecht	Utrecht		NL	52.0907	5.1214	Europe/Amsterdam	0
Eindhoven	Eindhoven		NL	51.4416	5.4697	Europe/Amsterdam	0
Schiedam	Schiedam		NL	51.9192	4.3886	Europe/Amsterdam	0
Dordrecht	Dordrecht		NL	51.8133	4.6901	Europe/Amsterdam	0
Tilburg	Tilburg		NL	51.5555	5.0913	Europe/Amsterdam	0
Groningen	Groningen		NL	53.2194	6.5665	Europe/Amsterdam	0
Almere	Almere		NL	52.3508	5.2647	Europe/Amsterdam	0
Breda	Breda		NL	51.5719	4.7683	Europe/Amsterdam	0
Nijmegen	Nijmegen		NL	51.8126	5.8372	Europe/Amsterdam	0
Arnhem	Arnhem		NL	51.9851	5.8987	Europe/Amsterdam	0
Zaandam	Zaandam|Zaanstad		NL	52.4420	4.8292	Europe/Amsterdam	0
Leiden	Leiden		NL	52.1601	4.4970	Europe/Amsterdam	0
Haarlem	Haarlem		NL	52.3874	4.6462	Europe/Amsterdam	0
Delft	Delft		NL	52.0116	4.3571	Europe/Amsterdam	0
Enschede	Enschede		NL	52.2215	6.8937	Europe/Amsterdam	0
Amersfoort	Amersfoort		NL	52.1561	5.3878	Europe/Amsterdam	0
Zoetermeer	Zoetermeer		NL	52.0607	4.4940	Europe/Amsterdam	0
Gouda	Gouda		NL	52.0115	4.7105	Europe/Amsterdam	0
Maastricht	Maastricht		NL	50.8514	5.6910	Europe/Amsterdam	0
Deventer	Deventer		NL	52.2661	6.1552	Europe/Amsterdam	0
Apeldoorn	Apeldoorn		NL	52.2112	5.9699	Europe/Amsterdam	0
Den Bosch	Den Bosch|'s-Hertogenbosch		NL	51.6978	5.3037	Europe/Amsterdam	0
Brussels	Brussels|Brussel|Bruxelles|Brüksel		BE	50.8503	4.3517	Europe/Brussels	0
Antwerp	Antwerp|Antwerpen|Anvers		BE	51.2194	4.4025	Europe/Brussels	0
Ghent	Ghent|Gent		BE	51.0543	3.7174	Europe/Brussels	0
Liège	Liège|Luik		BE	50.6326	5.5797	Europe/Brussels	0
Genk	Genk		BE	50.9650	5.5000	Europe/Brussels	0
Berlin	Berlin		DE	52.5200	13.4050	Europe/Berlin	0
Hamburg	Hamburg		DE	53.5511	9.9937	Europe/Berlin	0
Munich	Munich|München|Münih		DE	48.1351	11.5820	Europe/Berlin	0
Cologne	Cologne|Köln|Kolonya		DE	50.9375	6.9603	Europe/Berlin	0
Frankfurt	Frankfurt		DE	50.1109	8.6821	Europe/Berlin	0
Stuttgart	Stuttgart		DE	48.7758	9.1829	Europe/Berlin	0
Düsseldorf	Düsseldorf		DE	51.2277	6.7735	Europe/Berlin	0
Dortmund	Dortmund		DE	51.5136	7.4653	Europe/Berlin	0
Essen	Essen		DE	51.4556	7.0116	Europe/Berlin	0
Duisburg	Duisburg		DE	51.4344	6.7623	Europe/Berlin	0
Bremen	Bremen		DE	53.0793	8.8017	Europe/Berlin	0
Hannover	Hannover|Hanover		DE	52.3759	9.7320	Europe/Berlin	0
Nuremberg	Nuremberg|Nürnberg		DE	49.4521	11.0767	Europe/Berlin	0
Mannheim	Mannheim		DE	49.4875	8.4660	Europe/Berlin	0
Vienna	Vienna|Wien|Viyana		AT	48.2082	16.3738	Europe/Vienna	0
Zurich	Zurich|Zürich|Zürih		CH	47.3769	8.5417	Europe/Zurich	0
Geneva	Geneva|Genève|Cenevre		CH	46.2044	6.1432	Europe/Zurich	0
Paris	Paris		FR	48.8566	2.3522	Europe/Paris	0
Marseille	Marseille		FR	43.2965	5.3698	Europe/Paris	0
Lyon	Lyon		FR	45.7640	4.8357	Europe/Paris	0
Strasbourg	Strasbourg		FR	48.5734	7.7521	Europe/Paris	0
Lille	Lille		FR	50.6292	3.0573	Europe/Paris	0
Toulouse	Toulouse		FR	43.6047	1.4442	Europe/Paris	0
London	London|Londra		GB	51.5072	-0.1276	Europe/London	0
Birmingham	Birmingham		GB	52.4862	-1.8904	Europe/London	0
Manchester	Manchester		GB	53.4808	-2.2426	Europe/London	0
Bradford	Bradford		GB	53.7960	-1.7594	Europe/London	0
Leicester	Leicester		GB	52.6369	-1.1398	Europe/London	0
Glasgow	Glasgow		GB	55.8642	-4.2518	Europe/London	0
Dublin	Dublin		IE	53.3498	-6.2603	Europe/Dublin	0
Copenhagen	Copenhagen|København|Kopenhag		DK	55.6761	12.5683	Europe/Copenhagen	0
Stockholm	Stockholm		SE	59.3293	18.0686	Europe/Stockholm	0
Malmö	Malmö		SE	55.6050	13.0038	Europe/Stockholm	0
Oslo	Oslo		NO	59.9139	10.7522	Europe/Oslo	0
Helsinki	Helsinki		FI	60.1699	24.9384	Europe/Helsinki	0
Madrid	Madrid		ES	40.4168	-3.7038	Europe/Madrid	0
Barcelona	Barcelona		ES	41.3874	2.1686	Europe/Madrid	0
Rome	Rome|Roma		IT	41.9028	12.4964	Europe/Rome	0
Milan	Milan|Milano		IT	45.4642	9.1900	Europe/Rome	0
Warsaw	Warsaw|Warszawa|Varşova		PL	52.2297	21.0122	Europe/Warsaw	0
Sarajevo	Sarajevo|Saraybosna		BA	43.8563	18.4131	Europe/Sarajevo	0
Pristina	Pristina|Prishtina|Priştine		XK	42.6629	21.1655	Europe/Belgrade	0
Tirana	Tirana|Tiran		AL	41.3275	19.8187	Europe/Tirane	0
Skopje	Skopje|Üsküp		MK	41.9981	21.4254	Europe/Skopje	0
Sofia	Sofia|Sofya		BG	42.6977	23.3219	Europe/Sofia	0
Athens	Athens|Atina		GR	37.9838	23.7275	Europe/Athens	0
Komotini	Komotini|Gümülcine		GR	41.1224	25.4066	Europe/Athens	0
Nicosia	Nicosia|Lefkoşa		CY	35.1856	33.3823	Asia/Nicosia	0
Moscow	Moscow|Moskova		RU	55.7558	37.6173	Europe/Moscow	0
Kazan	Kazan		RU	55.7963	49.1088	Europe/Moscow	0
Baku	Baku|Bakü		AZ	40.4093	49.8671	Asia/Baku	0
Tbilisi	Tbilisi|Tiflis		GE	41.7151	44.8271	Asia/Tbilisi	0
Makkah	Makkah|Mecca|Mekke		SA	21.4225	39.8262	Asia/Riyadh	0
Madinah	Madinah|Medina|Medine		SA	24.5247	39.5692	Asia/Riyadh	0
Riyadh	Riyadh|Riyad		SA	24.7136	46.6753	Asia/Riyadh	0
Jeddah	Jeddah|Cidde		SA	21.4858	39.1925	Asia/Riyadh	0
Dubai	Dubai		AE	25.2048	55.2708	Asia/Dubai	0
Abu Dhabi	Abu Dhabi		AE	24.4539	54.3773	Asia/Dubai	0
Doha	Doha		QA	25.2854	51.5310	Asia/Qatar	0
Kuwait City	Kuwait City|Kuwait|Kuveyt		KW	29.3759	47.9774	Asia/Kuwait	0
Manama	Manama		BH	26.2285	50.5860	Asia/Bahrain	0
Muscat	Muscat|Maskat		OM	23.5880	58.3829	Asia/Muscat	0
Amman	Amman		JO	31.9454	35.9284	Asia/Amman	0
Beirut	Beirut|Beyrut		LB	33.8938	35.5018	Asia/Beirut	0
Damascus	Damascus|Şam		SY	33.5138	36.2765	Asia/Damascus	0
Aleppo	Aleppo|Halep		SY	36.2021	37.1343	Asia/Damascus	0
Baghdad	Baghdad|Bağdat		IQ	33.3152	44.3661	Asia/Baghdad	0
Erbil	Erbil		IQ	36.1911	44.0092	Asia/Baghdad	0
Tehran	Tehran|Tahran		IR	35.6892	51.3890	Asia/Tehran	0
Jerusalem	Jerusalem|Al-Quds|Kudüs		PS	31.7683	35.2137	Asia/Jerusalem	0
Gaza	Gaza|Gazze		PS	31.5017	34.4668	Asia/Gaza	0
Cairo	Cairo|Kahire		EG	30.0444	31.2357	Africa/Cairo	0
Alexandria	Alexandria|İskenderiye		EG	31.2001	29.9187	Africa/Cairo	0
Casablanca	Casablanca|Kazablanka		MA	33.5731	-7.5898	Africa/Casablanca	0
Rabat	Rabat		MA	34.0209	-6.8416	Africa/Casablanca	0
Algiers	Algiers|Cezayir		DZ	36.7538	3.0588	Africa/Algiers	0
Tunis	Tunis		TN	36.8065	10.1815	Africa/Tunis	0
Tripoli	Tripoli|Trablus		LY	32.8872	13.1913	Africa/Tripoli	0
Khartoum	Khartoum|Hartum		SD	15.5007	32.5599	Africa/Khartoum	0
Lagos	Lagos		NG	6.5244	3.3792	Africa/Lagos	0
Kano	Kano		NG	12.0022	8.5920	Africa/Lagos	0
Dakar	Dakar		SN	14.7167	-17.4677	Africa/Dakar	0
Mogadishu	Mogadishu|Mogadişu		SO	2.0469	45.3182	Africa/Mogadishu	0
Nairobi	Nairobi		KE	-1.2921	36.8219	Africa/Nairobi	0
Addis Ababa	Addis Ababa		ET	8.9806	38.7578	Africa/Addis_Ababa	0
Johannesburg	Johannesburg		ZA	-26.2041	28.0473	Africa/Johannesburg	0
Cape Town	Cape Town		ZA	-33.9249	18.4241	Africa/Johannesburg	0
Karachi	Karachi|Karaçi		PK	24.8607	67.0011	Asia/Karachi	0
Lahore	Lahore		PK	31.5204	74.3587	Asia/Karachi	0
Islamabad	Islamabad		PK	33.6844	73.0479	Asia/Karachi	0
Delhi	Delhi|New Delhi|Yeni Delhi		IN	28.6139	77.2090	Asia/Kolkata	0
Mumbai	Mumbai		IN	19.0760	72.8777	Asia/Kolkata	0
Hyderabad	Hyderabad		IN	17.3850	78.4867	Asia/Kolkata	0
Dhaka	Dhaka|Dakka		BD	23.8103	90.4125	Asia/Dhaka	0
Kabul	Kabul|Kâbil		AF	34.5553	69.2075	Asia/Kabul	0
Tashkent	Tashkent|Taşkent		UZ	41.2995	69.2401	Asia/Tashkent	0
Samarkand	Samarkand|Semerkant		UZ	39.6270	66.9750	Asia/Samarkand	0
Almaty	Almaty		KZ	43.2220	76.8512	Asia/Almaty	0
Astana	Astana		KZ	51.1694	71.4491	Asia/Almaty	0
Ashgabat	Ashgabat|Aşkabat		TM	37.9601	58.3261	Asia/Ashgabat	0
Bishkek	Bishkek|Bişkek		KG	42.8746	74.5698	Asia/Bishkek	0
Kuala Lumpur	Kuala Lumpur		MY	3.1390	101.6869	Asia/Kuala_Lumpur	0
Singapore	Singapore|Singapur		SG	1.3521	103.8198	Asia/Singapore	0
Jakarta	Jakarta|Cakarta		ID	-6.2088	106.8456	Asia/Jakarta	0
Beijing	Beijing|Pekin		CN	39.9042	116.4074	Asia/Shanghai	0
Urumqi	Urumqi|Urumçi		CN	43.8256	87.6168	Asia/Shanghai	0
Tokyo	Tokyo		JP	35.6762	139.6503	Asia/Tokyo	0
Seoul	Seoul|Seul		KR	37.5665	126.9780	Asia/Seoul	0
New York	New York		US	40.7128	-74.0060	America/New_York	0
Washington	Washington		US	38.9072	-77.0369	America/New_York	0
Paterson	Paterson		US	40.9168	-74.1718	America/New_York	0
Chicago	Chicago		US	41.8781	-87.6298	America/Chicago	0
Houston	Houston		US	29.7604	-95.3698	America/Chicago	0
Dearborn	Dearborn		US	42.3223	-83.1763	America/Detroit	0
Los Angeles	Los Angeles		US	34.0522	-118.2437	America/Los_Angeles	0
Toronto	Toronto		CA	43.6532	-79.3832	America/Toronto	0
Montreal	Montreal|Montréal		CA	45.5019	-73.5674	America/Toronto	0
Vancouver	Vancouver		CA	49.2827	-123.1207	America/Vancouver	0
Mexico City	Mexico City|Ciudad de México		MX	19.4326	-99.1332	America/Mexico_City	0
São Paulo	São Paulo|Sao Paulo		BR	-23.5558	-46.6396	America/Sao_Paulo	0
Buenos Aires	Buenos Aires		AR	-34.6037	-58.3816	America/Argentina/Buenos_Aires	0
Sydney	Sydney|Sidney		AU	-33.8688	151.2093	Australia/Sydney	0
Melbourne	Melbourne		AU	-37.8136	144.9631	Australia/Melbourne	0
Auckland	Auckland		NZ	-36.8485	174.7633	Pacific/Auckland	0
